IGN,Friend Code,Contact Link,Contact Type,Tags,Created At
014NinolH,910159127228,https://www.reddit.com/u/ninolllll,reddit,,2026-03-29T12:23:27.088Z
01LunaNova,914784723896,https://www.reddit.com/u/Sailorct0123,reddit,,2026-03-29T12:23:27.088Z
072Gamergirl072,593260847640,https://www.reddit.com/u/xmirellalove,reddit,,2026-03-29T12:23:27.088Z
1110neeleven,608114739232,https://www.reddit.com/u/Capable-Spot3629,reddit,,2026-03-29T12:23:27.088Z
1SupFoos1,151620432143,https://www.reddit.com/u/Traditional-Ad-1117,reddit,,2026-03-29T12:23:27.088Z
1upKetchum,732970706738,https://www.reddit.com/u/s2k4evo,reddit,,2026-03-29T12:23:27.088Z
215ZR,308340445647,https://www.reddit.com/u/Interesting-Word1024,reddit,,2026-03-29T12:23:27.088Z
5qt05hi,,https://www.reddit.com/user/Winter_Leg_4243/,reddit,"3, 2",2026-03-29T12:23:27.088Z
69EpicSniper420,485607781123,https://www.reddit.com/u/MemesAreBad,reddit,,2026-03-29T12:23:27.088Z
A2kMaple,990087787562,https://www.reddit.com/u/Maple1-,reddit,,2026-03-29T12:23:27.088Z
AALYX20,686480175735,https://www.reddit.com/u/OHIOBAMA,reddit,,2026-03-29T12:23:27.088Z
AbbieOTrainer,530820353761,https://www.reddit.com/u/Abagnale00,reddit,,2026-03-29T12:23:27.088Z
abchiara,880273401687,https://www.reddit.com/u/chiarasophie,reddit,,2026-03-29T12:23:27.088Z
AcesonMWobbles,703113358490,https://www.reddit.com/u/Wobble-D-Wobbles,reddit,,2026-03-29T12:23:27.088Z
Acidgurkal23,879858374541,https://www.reddit.com/u/Fun-Motor-6446,reddit,,2026-03-29T12:23:27.088Z
Admrlx,627667122202,https://www.reddit.com/u/HeyylookitsNICK,reddit,,2026-03-29T12:23:27.088Z
Adrastos7,367237222807,https://www.reddit.com/u/lzuchio,reddit,,2026-03-29T12:23:27.088Z
Aehann,836197121213,https://www.reddit.com/u/lasrel,reddit,,2026-03-29T12:23:27.088Z
AGplaysPoGo,913130245541,https://www.reddit.com/u/justanotherkirbystan,reddit,,2026-03-29T12:23:27.088Z
AliceBlackwell7,201028335464,https://www.reddit.com/u/FaeriesAfterDark,reddit,,2026-03-29T12:23:27.088Z
AlineDover,805265095720,https://www.reddit.com/u/AmeriMan2,reddit,,2026-03-29T12:23:27.088Z
alleeexandra,091441269561,https://www.reddit.com/u/Fabulous-Tough8361,reddit,,2026-03-29T12:23:27.088Z
AndrewFurb,469537779176,https://www.reddit.com/u/Elegant-Purchase-258,reddit,,2026-03-29T12:23:27.088Z
andyroostoo,473840286146,https://www.reddit.com/u/andyroostoo,reddit,,2026-03-29T12:23:27.088Z
Anemkacan,310313636034,https://www.reddit.com/u/Malexkavi,reddit,,2026-03-29T12:23:27.088Z
Antarcticainme2,373016354206,https://www.reddit.com/u/Antarcticainme,reddit,,2026-03-29T12:23:27.088Z
Arieskay,952999229885,https://www.reddit.com/u/PresenceReasonable31,reddit,,2026-03-29T12:23:27.088Z
AristoByte,377940937407,https://www.reddit.com/u/DickFuckMaGoo,reddit,,2026-03-29T12:23:27.088Z
artista01234,131111948950,https://www.reddit.com/u/ASkyFullOf___,reddit,,2026-03-29T12:23:27.088Z
Awakni,493845954818,https://www.reddit.com/u/Ok-Response6031,reddit,,2026-03-29T12:23:27.088Z
awwOmeow,125807142851,https://www.reddit.com/u/Successful-Ad6511,reddit,,2026-03-29T12:23:27.088Z
Axmchops1,715683312284,https://www.reddit.com/u/Traditional_Will6972,reddit,,2026-03-29T12:23:27.088Z
Axmchops1,715683312284,https://www.reddit.com/u/Weekly-Dust3187,reddit,,2026-03-29T12:23:27.088Z
B1996SM,492568244764,https://www.reddit.com/u/CarefulPrinciple4758,reddit,,2026-03-29T12:23:27.088Z
B3rry3at3r,775044893779,https://www.reddit.com/u/sw4ffles,reddit,,2026-03-29T12:23:27.088Z
BahbuFrik,349478228666,https://www.reddit.com/u/bmfirlik,reddit,,2026-03-29T12:23:27.088Z
BarboraCZ13,160787580561,https://www.reddit.com/u/Federal-Stretch6453,reddit,,2026-03-29T12:23:27.088Z
Baseballbrok,877847015382,https://www.reddit.com/u/Accomplished-Grand48,reddit,,2026-03-29T12:23:27.088Z
Bates220,280907899828,https://www.reddit.com/u/jbfcb,reddit,,2026-03-29T12:23:27.088Z
Berixbiox,389289478448,https://www.reddit.com/u/Babaishish,reddit,,2026-03-29T12:23:27.088Z
BigDikDabDaddy,595590699645,https://www.reddit.com/u/SailorSctStaryu,reddit,,2026-03-29T12:23:27.088Z
bl4kh4k,924156505064,https://www.reddit.com/u/Deadpallyz,reddit,,2026-03-29T12:23:27.088Z
BlackSnakeMoe,939840528900,https://www.reddit.com/u/Byorden,reddit,,2026-03-29T12:23:27.088Z
Blaker642,508589755255,https://www.reddit.com/u/Helpful-Access4245,reddit,,2026-03-29T12:23:27.088Z
BLKPINK1nUrAr3A,699488594904,https://www.reddit.com/u/hermitcrab721,reddit,,2026-03-29T12:23:27.088Z
bobbydean94,068767632931,https://www.reddit.com/u/fletcherrainbow,reddit,,2026-03-29T12:23:27.088Z
Bosshaus69420,335366562003,https://www.reddit.com/u/KoffingClouds,reddit,,2026-03-29T12:23:27.088Z
BraddaCakes,152207071234,https://www.reddit.com/u/CamelXCVII,reddit,,2026-03-29T12:23:27.088Z
BrocketRocket,334452430055,https://www.reddit.com/u/ADMotti,reddit,,2026-03-29T12:23:27.088Z
BuckyDogsDad,735627001329,https://www.reddit.com/u/Odin043,reddit,,2026-03-29T12:23:27.088Z
Buddy43637,003929199393,https://www.reddit.com/u/Puzzled-Health-2189,reddit,,2026-03-29T12:23:27.088Z
cab4656,039800055427,https://www.reddit.com/u/cab4656,reddit,,2026-03-29T12:23:27.088Z
CallMeKatie94,224115427973,https://www.reddit.com/u/thecutestnerd,reddit,,2026-03-29T12:23:27.088Z
CamoFROO,626177435651,https://www.reddit.com/u/gimmegoldlol,reddit,,2026-03-29T12:23:27.088Z
CaramelAppl,262320509329,https://www.reddit.com/u/FrugalDiv,reddit,,2026-03-29T12:23:27.088Z
Carecoid,577868649732,https://www.reddit.com/u/FearlessPay7104,reddit,,2026-03-29T12:23:27.088Z
ChaseNRockets,385631301791,https://www.reddit.com/u/ChaseRockets,reddit,,2026-03-29T12:23:27.088Z
Cheerkellie,462236293306,https://www.reddit.com/u/HungrySign4222,reddit,,2026-03-29T12:23:27.088Z
Chi11ywi11y888,824549733019,https://www.reddit.com/u/Chillywilly889,reddit,,2026-03-29T12:23:27.088Z
ChrisHanshew,766739894189,https://www.reddit.com/u/FancyWeakness630,reddit,,2026-03-29T12:23:27.088Z
christmaslu,161717501554,https://www.reddit.com/u/christmaslu,reddit,,2026-03-29T12:23:27.088Z
Christoo13,257213482794,https://www.reddit.com/u/Dazzling_Honeydew624,reddit,,2026-03-29T12:23:27.088Z
Ciastpotwor,091163895935,https://www.reddit.com/u/CiastPotwor,reddit,,2026-03-29T12:23:27.088Z
CoelhoEmperor,725367256417,https://www.reddit.com/u/adrogafazmal,reddit,,2026-03-29T12:23:27.088Z
ColdFuturePG,836451249333,https://www.reddit.com/u/ColdFutureRD,reddit,,2026-03-29T12:23:27.088Z
CootieQueen2728,386055735403,https://www.reddit.com/u/vetterl,reddit,,2026-03-29T12:23:27.088Z
Cornstarr18,147955217477,https://www.reddit.com/u/Competitive_Goose684,reddit,,2026-03-29T12:23:27.088Z
CptPuff07,000792399626,https://www.reddit.com/u/CptPuff,reddit,,2026-03-29T12:23:27.088Z
craigjones1377,846891592240,https://www.reddit.com/u/BackgroundRoutine871,reddit,,2026-03-29T12:23:27.088Z
Cspikez,867989701480,https://www.reddit.com/u/cspikez,reddit,,2026-03-29T12:23:27.088Z
cytoidful,833507167468,https://www.reddit.com/u/TheGhost983,reddit,,2026-03-29T12:23:27.088Z
DanielsonV2000,310877170819,https://www.reddit.com/u/Impossible-Bill957,reddit,,2026-03-29T12:23:27.088Z
Dawverino,399332458690,https://www.reddit.com/u/Peckebeng,reddit,,2026-03-29T12:23:27.088Z
DC5Bobby,878646997486,https://www.reddit.com/u/Rvarsx,reddit,,2026-03-29T12:23:27.088Z
DDGenius,206054847868,https://www.reddit.com/u/dorysiu,reddit,,2026-03-29T12:23:27.088Z
Detricos91,865002464733,https://www.reddit.com/u/Detricos91,reddit,,2026-03-29T12:23:27.088Z
dFettman28,191094000428,https://www.reddit.com/u/dFettman28,reddit,,2026-03-29T12:23:27.088Z
Didix676767,796589572913,https://www.reddit.com/u/ThrowRA93964,reddit,,2026-03-29T12:23:27.088Z
Dillregino,292780413746,https://www.reddit.com/u/DirectionLeading7019,reddit,,2026-03-29T12:23:27.088Z
Dinoraz,408447543052,https://www.reddit.com/u/fletcherrainbow,reddit,,2026-03-29T12:23:27.088Z
Dipso88,042558293055,https://www.reddit.com/u/Dipso88,reddit,,2026-03-29T12:23:27.088Z
DirtyWoitte,088164545533,https://www.reddit.com/u/Final-Win9902,reddit,,2026-03-29T12:23:27.088Z
Dohminatee,010600123676,https://www.reddit.com/u/Dohminate,reddit,,2026-03-29T12:23:27.088Z
donutmusic,425408915927,https://www.reddit.com/u/SenseAdmirable5227,reddit,,2026-03-29T12:23:27.088Z
Dreden3,661761690192,https://www.reddit.com/u/AdonisDanish,reddit,,2026-03-29T12:23:27.088Z
Dregoth8,459756987497,https://www.reddit.com/u/Dregoth188,reddit,,2026-03-29T12:23:27.088Z
drgb0628,757773042191,https://www.reddit.com/u/drgb0628,reddit,,2026-03-29T12:23:27.088Z
drydchapstck,385856366782,https://www.reddit.com/u/DriedChapstick,reddit,,2026-03-29T12:23:27.088Z
Durbo1995,510369899506,https://www.reddit.com/u/Adt108,reddit,,2026-03-29T12:23:27.088Z
EaterofBirb,032207471507,https://www.reddit.com/u/siffyburger,reddit,,2026-03-29T12:23:27.088Z
Eevee113,332502603650,https://www.reddit.com/u/dougbarker987,reddit,,2026-03-29T12:23:27.088Z
eldudotoo,387112741214,https://www.reddit.com/u/tuzos23,reddit,,2026-03-29T12:23:27.088Z
Eleanor09092,749770145797,https://www.reddit.com/u/000346983,reddit,,2026-03-29T12:23:27.088Z
elentari522,667128824364,https://www.reddit.com/u/kbucks22,reddit,,2026-03-29T12:23:27.088Z
Ell272,621590579514,https://www.reddit.com/u/ZomboNoNo,reddit,,2026-03-29T12:23:27.088Z
Emhaz4,296003874372,https://www.reddit.com/u/idkemh,reddit,,2026-03-29T12:23:27.088Z
Emmms96,260827462022,https://www.reddit.com/u/emmzie96,reddit,,2026-03-29T12:23:27.088Z
EpicLion09,685582996535,https://www.reddit.com/u/Puzzleheaded_Pick707,reddit,,2026-03-29T12:23:27.088Z
EvieEvolve,175872531069,https://www.reddit.com/u/EvieEvolve,reddit,,2026-03-29T12:23:27.088Z
ExtraPips,796937009008,https://www.reddit.com/u/Able_Aerie_8621,reddit,,2026-03-29T12:23:27.088Z
FCCincyStinks,121002668020,https://www.reddit.com/u/IAmMourningWould,reddit,,2026-03-29T12:23:27.088Z
Festerday,913637785138,https://www.reddit.com/u/lllKreatorlll,reddit,,2026-03-29T12:23:27.088Z
FidLima,392201490531,https://www.reddit.com/u/RabadonCap,reddit,,2026-03-29T12:23:27.088Z
Fimbulvetrnen,065997137433,https://www.reddit.com/u/ShintoGami,reddit,,2026-03-29T12:23:27.088Z
FlameSamai1,915848578466,https://www.reddit.com/u/FlameSama1,reddit,,2026-03-29T12:23:27.088Z
FleuristeZoe,823145050541,https://www.reddit.com/u/Hesgaroth,reddit,,2026-03-29T12:23:27.088Z
Foreverfree12,255011298414,https://www.reddit.com/u/laurisa263,reddit,,2026-03-29T12:23:27.088Z
Gastrocnemius63,272775007441,https://www.reddit.com/u/FamiliarRoad3834,reddit,,2026-03-29T12:23:27.088Z
ggreenflower,782950404848,https://www.reddit.com/u/greeen16,reddit,,2026-03-29T12:23:27.088Z
Ghust94,709537738602,https://www.reddit.com/u/Ghust94,reddit,,2026-03-29T12:23:27.088Z
GiannaBucci24,551983172728,https://www.reddit.com/u/Reasonable-Bad5342,reddit,,2026-03-29T12:23:27.088Z
Golanthanatos1,663440161977,https://www.reddit.com/u/Golanthanatos,reddit,,2026-03-29T12:23:27.088Z
Goldmacaroon103,866393133558,https://www.reddit.com/u/Fair_Relationship188,reddit,,2026-03-29T12:23:27.088Z
Golgolwang182,621755578893,https://www.reddit.com/u/AGoal44,reddit,,2026-03-29T12:23:27.088Z
Granter642,135205274265,https://www.reddit.com/u/Helpful-Access4245,reddit,,2026-03-29T12:23:27.088Z
GraveHypothesis,309369426129,https://www.reddit.com/u/GraveHypothesis,reddit,,2026-03-29T12:23:27.088Z
Gsgijgxv,335852084990,https://www.reddit.com/u/savethebees01,reddit,,2026-03-29T12:23:27.088Z
HakaiShin212,932075775240,https://www.reddit.com/u/Upset_Combination352,reddit,,2026-03-29T12:23:27.088Z
HaruSlayer,839424400000,https://www.reddit.com/u/haru199418,reddit,,2026-03-29T12:23:27.088Z
HeyltsABird,536638711761,https://www.reddit.com/u/constancerich,reddit,,2026-03-29T12:23:27.088Z
hobohoneybooj,776998798717,https://www.reddit.com/u/FutureTop8007,reddit,,2026-03-29T12:23:27.088Z
Hoju1111,154759677382,https://www.reddit.com/u/dino-rex-a-saurus,reddit,,2026-03-29T12:23:27.088Z
HonestBender27,452222559289,https://www.reddit.com/u/Legionnaire11,reddit,,2026-03-29T12:23:27.088Z
HoneyBadgerESQ,855353291228,https://www.reddit.com/u/SergioAguero22,reddit,,2026-03-29T12:23:27.088Z
hopeidontcrash,334097621611,https://www.reddit.com/u/hopeidontcrash,reddit,,2026-03-29T12:23:27.088Z
hOppx,010193031042,https://www.reddit.com/u/RevolXpsych,reddit,,2026-03-29T12:23:27.088Z
HufflePunk313,305524926571,https://www.reddit.com/u/devinh313,reddit,,2026-03-29T12:23:27.088Z
HungryDanielson,072185380182,https://www.reddit.com/u/Impossible-Bill957,reddit,,2026-03-29T12:23:27.088Z
Huwarf,078908117004,https://www.reddit.com/u/Huwarf,reddit,,2026-03-29T12:23:27.088Z
idkedrobinson,812532406367,https://www.reddit.com/u/555eggboy,reddit,,2026-03-29T12:23:27.088Z
ImBacob,711880957344,https://www.reddit.com/u/bac0b,reddit,,2026-03-29T12:23:27.088Z
IMSCAR3D,598573744505,https://www.reddit.com/u/Slowpokethis,reddit,,2026-03-29T12:23:27.088Z
ItzRyanLH,815746449742,https://www.reddit.com/u/ItzRyanLH,reddit,,2026-03-29T12:23:27.088Z
Jaboolia,810222379170,https://www.reddit.com/u/Jab00lia,reddit,,2026-03-29T12:23:27.088Z
Jadeyyyxx21,647657419215,https://www.reddit.com/u/Ifykykbro,reddit,,2026-03-29T12:23:27.088Z
JahlilBeats,413977050640,https://www.reddit.com/u/Patient-Chart-5814,reddit,,2026-03-29T12:23:27.088Z
Jakecranny97,564495492447,https://www.reddit.com/u/Ifykykbro,reddit,,2026-03-29T12:23:27.088Z
JamPet95,804345870907,https://www.reddit.com/u/X_RES3T_X,reddit,,2026-03-29T12:23:27.088Z
jampog,536170901950,https://www.reddit.com/u/jamp0g,reddit,,2026-03-29T12:23:27.088Z
JanitorJosh2,172846726109,https://www.reddit.com/u/janitorJosh,reddit,,2026-03-29T12:23:27.088Z
Jarsickle,412941576468,https://www.reddit.com/u/thecuriousdad,reddit,,2026-03-29T12:23:27.088Z
JimJamLXICC2,544669592337,https://www.reddit.com/u/X-JIMJAM,reddit,,2026-03-29T12:23:27.088Z
JJSSSJSHO,385014486631,https://www.reddit.com/u/Brave_new_justin,reddit,,2026-03-29T12:23:27.088Z
Josvph,819401839532,https://www.reddit.com/u/Objective-Panic-1641,reddit,,2026-03-29T12:23:27.088Z
JoulsRouls,523133853704,https://www.reddit.com/u/Fast-Avocado-4401,reddit,,2026-03-29T12:23:27.088Z
Jrrtdang,778642528636,https://www.reddit.com/u/Jevannnnnnnn,reddit,,2026-03-29T12:23:27.088Z
JuiceyKiwi,380318927255,https://www.reddit.com/u/UltimateJuicey,reddit,,2026-03-29T12:23:27.088Z
Juliaaa33,839016485016,https://www.reddit.com/u/harmlesssheep,reddit,,2026-03-29T12:23:27.088Z
Julipotpie,520983569898,https://www.reddit.com/u/Juliless30,reddit,,2026-03-29T12:23:27.088Z
justhop87,699612944596,https://www.reddit.com/u/justhop87,reddit,,2026-03-29T12:23:27.088Z
Justpar,321058667195,https://www.reddit.com/u/justpars,reddit,,2026-03-29T12:23:27.088Z
K3V1NWPIII,564126575884,https://www.reddit.com/u/Dean4446,reddit,,2026-03-29T12:23:27.088Z
k4mm4CZ,383935598220,https://www.reddit.com/u/RadekD_CZ,reddit,,2026-03-29T12:23:27.088Z
Kaitlineh,197091056224,https://www.reddit.com/u/xamg,reddit,,2026-03-29T12:23:27.088Z
KantoSquad3,305598292745,https://www.reddit.com/u/ArtichokeNew9576,reddit,,2026-03-29T12:23:27.088Z
KanyeWestWouldL,180074383841,https://www.reddit.com/u/forsenCDGillete,reddit,,2026-03-29T12:23:27.088Z
KaySue,627099147638,https://www.reddit.com/u/vaguelyrestless,reddit,,2026-03-29T12:23:27.088Z
KelsoD25,260922475062,https://www.reddit.com/u/Upper_Apartment3360,reddit,,2026-03-29T12:23:27.088Z
Kemekokitten,880813064309,https://www.reddit.com/u/Warning_grumpy,reddit,,2026-03-29T12:23:27.088Z
Kevigon001,207563317073,https://www.reddit.com/u/Kiola310680,reddit,,2026-03-29T12:23:27.088Z
Kevin23367800,774430515878,https://www.reddit.com/u/thecuriousdad,reddit,,2026-03-29T12:23:27.088Z
Ki11bunny,263867365195,https://www.reddit.com/u/ki11bunny,reddit,,2026-03-29T12:23:27.088Z
KimCuddi,167660629751,https://www.reddit.com/u/Anonymous_Hunter13,reddit,,2026-03-29T12:23:27.088Z
KirederfZ,588975485855,https://www.reddit.com/u/Ok_Ladder_7267,reddit,,2026-03-29T12:23:27.088Z
kittycatsdw,516526008025,https://www.reddit.com/u/tukiff,reddit,,2026-03-29T12:23:27.088Z
Kushconvict,159482702128,https://www.reddit.com/u/Upset-Ad7735,reddit,,2026-03-29T12:23:27.088Z
L4wli3tL,952994898296,https://www.reddit.com/u/Critical-Cod8135,reddit,,2026-03-29T12:23:27.088Z
lagvng,245346927623,https://www.reddit.com/u/Extreme-Inspector-68,reddit,,2026-03-29T12:23:27.088Z
LBone20,768560704376,https://www.reddit.com/u/Prudent-Specific3997,reddit,,2026-03-29T12:23:27.088Z
Lbr218,159664910112,https://www.reddit.com/u/Obvious-Courage6421,reddit,,2026-03-29T12:23:27.088Z
lesaww,636942940333,https://www.reddit.com/u/lesaww,reddit,,2026-03-29T12:23:27.088Z
Linaa1308,026739337264,https://www.reddit.com/u/Strawberry138,reddit,,2026-03-29T12:23:27.088Z
LinusEmilianH,655545125493,https://www.reddit.com/u/RallicH,reddit,,2026-03-29T12:23:27.088Z
localmilkman,354967215168,https://www.reddit.com/u/blueyoshi387,reddit,,2026-03-29T12:23:27.088Z
loyalnana,428175765115,https://www.reddit.com/u/NightJazzlike4719,reddit,,2026-03-29T12:23:27.088Z
LunaDogsDad,919273852255,https://www.reddit.com/u/Odin043,reddit,,2026-03-29T12:23:27.088Z
Lyoko2397,073002590958,https://www.reddit.com/u/No-Ordinary9016,reddit,,2026-03-29T12:23:27.088Z
MageManKid,305119065575,https://www.reddit.com/u/MageManKid2,reddit,,2026-03-29T12:23:27.088Z
MagicManDestroy,711790091945,https://www.reddit.com/u/Expert-Two-6612,reddit,,2026-03-29T12:23:27.088Z
manohacker,595135544283,https://www.reddit.com/u/CalistaJour,reddit,,2026-03-29T12:23:27.088Z
MarioHR,151834953783,https://www.reddit.com/u/mariohr,reddit,,2026-03-29T12:23:27.088Z
MarowakDontLack,258542394507,https://www.reddit.com/u/Actual_Nail9856,reddit,,2026-03-29T12:23:27.088Z
Marquis2024,295832637631,https://www.reddit.com/u/Responsible_Salt7203,reddit,,2026-03-29T12:23:27.088Z
MasterMize1997,965560982053,https://www.reddit.com/u/MasterMize1997,reddit,,2026-03-29T12:23:27.088Z
Mewshu0192,562225740928,https://www.reddit.com/u/Decent-Strategy-7555,reddit,,2026-03-29T12:23:27.088Z
Mickeysahn,835268804254,https://www.reddit.com/u/Maleficent_Ad779,reddit,,2026-03-29T12:23:27.088Z
Midgican,091306639378,https://www.reddit.com/u/novaintrospective,reddit,,2026-03-29T12:23:27.088Z
millymillysama,134409900901,https://www.reddit.com/u/harmlesssheep,reddit,,2026-03-29T12:23:27.088Z
Milochickenshuc,749311045756,https://www.reddit.com/u/SnooLobsters2956,reddit,,2026-03-29T12:23:27.088Z
Mimi200422,944038259683,https://www.reddit.com/u/EllishaiGuy,reddit,,2026-03-29T12:23:27.088Z
MisguidedGhost7,089997120165,https://www.reddit.com/u/MisguidedGhost777,reddit,,2026-03-29T12:23:27.088Z
Moira0374,830273397255,https://www.reddit.com/u/Moira374,reddit,,2026-03-29T12:23:27.088Z
MojoJojo0527,709752849414,https://www.reddit.com/u/Complete_Ad_2058,reddit,,2026-03-29T12:23:27.088Z
MoonlightUnseen,343929385671,https://www.reddit.com/u/Daaishi,reddit,,2026-03-29T12:23:27.088Z
Mowty,360561484722,https://www.reddit.com/u/mowtballa,reddit,,2026-03-29T12:23:27.088Z
MrHottyChaw,123472418682,https://www.reddit.com/u/mrhottychaw,reddit,,2026-03-29T12:23:27.088Z
MrsSophie824550,546494296132,https://www.reddit.com/u/derunchatbare,reddit,,2026-03-29T12:23:27.088Z
MrTang92,353836977814,https://www.reddit.com/u/ChloeNg91,reddit,,2026-03-29T12:23:27.088Z
MRxFLUFFYx,217996586525,https://www.reddit.com/u/LuckierDanU,reddit,,2026-03-29T12:23:27.088Z
mustie94,113697254681,https://www.reddit.com/u/Normal_Shallot,reddit,,2026-03-29T12:23:27.088Z
Mxtate2008,468968191055,https://www.reddit.com/u/maaaarv97,reddit,,2026-03-29T12:23:27.088Z
MyOutielsKind,647429705402,https://www.reddit.com/u/Fresh-Muscle610,reddit,,2026-03-29T12:23:27.088Z
Myst1cBlaze,212080933156,https://www.reddit.com/u/FreeVegetable,reddit,,2026-03-29T12:23:27.088Z
MysticNovaBlaze,890086917255,https://www.reddit.com/u/GlassOfCreamSoda,reddit,,2026-03-29T12:23:27.088Z
Naiamellie,212150423584,https://www.reddit.com/u/Character-Kale2857,reddit,,2026-03-29T12:23:27.088Z
Naselu3399,732167362782,https://www.reddit.com/u/EcstaticOcelot3383,reddit,,2026-03-29T12:23:27.088Z
Nate3636,373995052818,https://www.reddit.com/u/AbleCod7285,reddit,,2026-03-29T12:23:27.088Z
Natnat808876,591913859174,https://www.reddit.com/u/Impressive_Peach_897,reddit,,2026-03-29T12:23:27.088Z
NatsukiACake,401739421779,https://www.reddit.com/u/Szarakurlumatt,reddit,,2026-03-29T12:23:27.088Z
nickole0508,655319710547,https://www.reddit.com/u/Daddy_hasek0962,reddit,,2026-03-29T12:23:27.088Z
NoraTheDuck22,387178400764,https://www.reddit.com/u/-YKTV-,reddit,,2026-03-29T12:23:27.088Z
Noshaiooo,768581835947,https://www.reddit.com/u/NoShaio,reddit,,2026-03-29T12:23:27.088Z
Oats20,888831241348,https://www.reddit.com/u/PhraseFeeling2162,reddit,,2026-03-29T12:23:27.088Z
OBananaBread,186667124425,https://www.reddit.com/u/breadbowlmmm,reddit,,2026-03-29T12:23:27.088Z
Okieesophiee,236293060998,https://www.reddit.com/u/Alikanee,reddit,,2026-03-29T12:23:27.088Z
OnlineBeef,895140987533,https://www.reddit.com/u/Swarley_Brown,reddit,,2026-03-29T12:23:27.088Z
OOBunny89egr,323358040505,https://www.reddit.com/u/AiDh84,reddit,,2026-03-29T12:23:27.088Z
OOsquall50000,830445933828,https://www.reddit.com/u/squall50000,reddit,,2026-03-29T12:23:27.088Z
OrNah,773954972015,https://www.reddit.com/u/ChayseV,reddit,,2026-03-29T12:23:27.088Z
ORustyRose8,827777707686,https://www.reddit.com/u/lalavale,reddit,,2026-03-29T12:23:27.088Z
oshaf,149936968957,https://www.reddit.com/u/No-Fig-134,reddit,,2026-03-29T12:23:27.088Z
OverlordKraken,082725165694,https://www.reddit.com/u/Hard4Harden,reddit,,2026-03-29T12:23:27.088Z
OVRGEARED,929278841089,https://www.reddit.com/u/incognito_kiwi,reddit,,2026-03-29T12:23:27.088Z
PalmerSD98,290504182426,https://www.reddit.com/u/ThePalmerPlays,reddit,,2026-03-29T12:23:27.088Z
pandywise,625771615489,https://www.reddit.com/u/pandywise123,reddit,,2026-03-29T12:23:27.088Z
Peter23777,185299663623,https://www.reddit.com/u/ZealousidealCarob970,reddit,,2026-03-29T12:23:27.088Z
Phil0808,324222228422,https://www.reddit.com/u/Whard08,reddit,,2026-03-29T12:23:27.088Z
philcrumpler,407385088696,https://www.reddit.com/u/philcrumpler,reddit,,2026-03-29T12:23:27.088Z
Phryxos,769076958988,https://www.reddit.com/u/Uskgaru,reddit,,2026-03-29T12:23:27.088Z
PlappenDum,340621750404,https://www.reddit.com/u/Pillisen1337,reddit,,2026-03-29T12:23:27.088Z
poboqod,302185848701,https://www.reddit.com/u/Kodadok,reddit,,2026-03-29T12:23:27.088Z
PoeChamp,352275526165,https://www.reddit.com/u/UnfairConfection7691,reddit,,2026-03-29T12:23:27.088Z
PoisonedSkull,942777565476,https://www.reddit.com/u/PoisonedSkull,reddit,,2026-03-29T12:23:27.088Z
PokeMom2N3,309670466250,https://www.reddit.com/u/Disastrous_Photo_388,reddit,,2026-03-29T12:23:27.088Z
PokemonTontoni,878195139591,https://www.reddit.com/u/Final-Natural1963,reddit,,2026-03-29T12:23:27.088Z
pokeprincemax,209886662890,https://www.reddit.com/u/spadiusgoudius,reddit,,2026-03-29T12:23:27.088Z
PoochyenaxX,275494318535,https://www.reddit.com/u/TiltedPanda,reddit,,2026-03-29T12:23:27.088Z
poopyunicorn21,043276778547,https://www.reddit.com/u/chem_boss,reddit,,2026-03-29T12:23:27.088Z
PorLaPaz1010,591491362535,https://www.reddit.com/u/Grand_Sifu,reddit,,2026-03-29T12:23:27.088Z
PostalOmega,008416788614,https://www.reddit.com/u/poopoorollercoaster,reddit,,2026-03-29T12:23:27.088Z
puffthemagicza,978245866964,https://www.reddit.com/u/ghostkid-420,reddit,,2026-03-29T12:23:27.088Z
PyroAR15,715819406927,https://www.reddit.com/u/PyroAR15,reddit,,2026-03-29T12:23:27.088Z
qman8300,127957453133,https://www.reddit.com/u/Mindless_Answer9088,reddit,,2026-03-29T12:23:27.088Z
quinno876234,504616690965,https://www.reddit.com/u/ratbhoyrydo,reddit,,2026-03-29T12:23:27.088Z
QzarNL,017074021438,https://www.reddit.com/u/QzarSTB,reddit,,2026-03-29T12:23:27.088Z
rainbowreckon,593270756843,https://www.reddit.com/u/KaleidoscopeShort408,reddit,,2026-03-29T12:23:27.088Z
Rary77z,964711743408,https://www.reddit.com/u/Carlino77z,reddit,,2026-03-29T12:23:27.088Z
reasonedmermaid,696803687381,https://www.reddit.com/u/ilovellamastoo,reddit,,2026-03-29T12:23:27.088Z
Reed0415,147807365066,https://www.reddit.com/u/ImThatGuy42,reddit,,2026-03-29T12:23:27.088Z
Resolved11,667850885443,https://www.reddit.com/u/Training-Fan-3054,reddit,,2026-03-29T12:23:27.088Z
Respect2Mudkips,495862141963,https://www.reddit.com/u/NaamkLIVE,reddit,,2026-03-29T12:23:27.088Z
Rhysowenage,869690721430,https://www.reddit.com/u/PapaReeky,reddit,,2026-03-29T12:23:27.088Z
Ric00222,427150425811,https://www.reddit.com/u/tokionen,reddit,,2026-03-29T12:23:27.088Z
ritsimi123,915665530834,https://www.reddit.com/u/impavidoutlet,reddit,,2026-03-29T12:23:27.088Z
RobbieFromAFTV,665814263305,https://www.reddit.com/u/Y4K3Y,reddit,,2026-03-29T12:23:27.088Z
RoninKoa,537383530553,https://www.reddit.com/u/pokefan-02d9o3a,reddit,,2026-03-29T12:23:27.088Z
Roobarbs,518924569405,https://www.reddit.com/u/whendrinksmix,reddit,,2026-03-29T12:23:27.088Z
rrl13553,973459520071,https://www.reddit.com/u/Superb-Scholar-1307,reddit,,2026-03-29T12:23:27.088Z
RunArOundNak3d,378839324468,https://www.reddit.com/u/Not_Really_Jon_Snow,reddit,,2026-03-29T12:23:27.088Z
RunnerRed,103584982051,https://www.reddit.com/u/AccordingSorbet4,reddit,,2026-03-29T12:23:27.088Z
Ryboflavin8,095420400600,https://www.reddit.com/u/FifaLegend,reddit,,2026-03-29T12:23:27.088Z
Sailorise,639074732935,https://www.reddit.com/u/sailorize,reddit,,2026-03-29T12:23:27.088Z
SaintInvictus,640252648593,https://www.reddit.com/u/Sportysaint,reddit,,2026-03-29T12:23:27.088Z
sandstone7,816575292914,https://www.reddit.com/u/Puzzled_Session_9523,reddit,,2026-03-29T12:23:27.088Z
Santini920494,356104476590,https://www.reddit.com/u/Ok_Ant_4865,reddit,,2026-03-29T12:23:27.088Z
ScarlettRachel,329882370333,https://www.reddit.com/u/No-Calligrapher4981,reddit,,2026-03-29T12:23:27.088Z
Schijtdebke,645132238425,https://www.reddit.com/u/Dependent_Highlight7,reddit,,2026-03-29T12:23:27.088Z
sgull12,655712313819,https://www.reddit.com/u/sgull,reddit,,2026-03-29T12:23:27.088Z
Shannon9339,060433116372,https://www.reddit.com/u/ShannonSays,reddit,,2026-03-29T12:23:27.088Z
shd86,682773224013,https://www.reddit.com/u/smellmybuttfoo,reddit,,2026-03-29T12:23:27.088Z
Sheifitheehie,359128351511,https://www.reddit.com/u/dpc5133,reddit,,2026-03-29T12:23:27.088Z
SheilaJ98,240875073015,https://www.reddit.com/u/Hawk-Constant,reddit,,2026-03-29T12:23:27.088Z
Shhooz,772764381292,https://www.reddit.com/u/ShoesJ,reddit,,2026-03-29T12:23:27.088Z
Shill21,960849580167,https://www.reddit.com/u/Gold_Lavishness_1522,reddit,,2026-03-29T12:23:27.088Z
ShinyEmberdrake,035553019166,https://www.reddit.com/u/-BurnTheWorld-,reddit,,2026-03-29T12:23:27.088Z
Shookyth,972223596329,https://www.reddit.com/u/Fearless-Nose5548,reddit,,2026-03-29T12:23:27.088Z
SinnHoeFoSho,226832538940,https://www.reddit.com/u/Fit-Ad1879,reddit,,2026-03-29T12:23:27.088Z
Sirsteveo55,327932201626,https://www.reddit.com/u/sirsteveo555,reddit,,2026-03-29T12:23:27.088Z
Sjardijn,203295974945,https://www.reddit.com/u/Sjardin,reddit,,2026-03-29T12:23:27.088Z
Slicco44,635294227844,https://www.reddit.com/u/Flaggermus95,reddit,,2026-03-29T12:23:27.088Z
SMX7777,600922395531,https://www.reddit.com/u/InternationalDog3837,reddit,,2026-03-29T12:23:27.088Z
SolarisKeeper,458561172363,https://www.reddit.com/u/carthographer123,reddit,,2026-03-29T12:23:27.088Z
SominuX,299383775846,https://www.reddit.com/u/Wicked-Algorithm0815,reddit,,2026-03-29T12:23:27.088Z
Soulslicr,160301256029,https://www.reddit.com/u/wingsoverpyrrhia,reddit,,2026-03-29T12:23:27.088Z
Spinooler,531279768550,https://www.reddit.com/u/RockyToad7,reddit,,2026-03-29T12:23:27.088Z
squirenonny,239733698662,https://www.reddit.com/u/Radiant-Matter-8910,reddit,,2026-03-29T12:23:27.088Z
Staabolisti,336533132656,https://www.reddit.com/u/vm173,reddit,,2026-03-29T12:23:27.088Z
Starblaster4242,883770607522,https://www.reddit.com/u/invisiblyloud,reddit,,2026-03-29T12:23:27.088Z
Stefolidan,263975983747,https://www.reddit.com/u/kittyfiddler_,reddit,,2026-03-29T12:23:27.088Z
Straleee,288734455665,https://www.reddit.com/u/pmc123pmc,reddit,,2026-03-29T12:23:27.088Z
StreamCriterion,676078108757,https://www.reddit.com/u/mimichouchou,reddit,,2026-03-29T12:23:27.088Z
Sub90Ash,556690665123,https://www.reddit.com/u/ren5x,reddit,,2026-03-29T12:23:27.088Z
Sunny7SHK,923826504002,https://www.reddit.com/u/No_Consideration7842,reddit,,2026-03-29T12:23:27.088Z
TakioTakkaido,768305844561,https://www.reddit.com/u/Logizhark,reddit,,2026-03-29T12:23:27.088Z
TakoGene,438717832564,https://www.reddit.com/u/milton922222,reddit,,2026-03-29T12:23:27.088Z
Tamelabo,760752417305,https://www.reddit.com/u/kittenwhiskers-3,reddit,,2026-03-29T12:23:27.088Z
Te099991,442449083594,https://www.reddit.com/u/BillyBobsCow,reddit,,2026-03-29T12:23:27.088Z
tetrisgrid,380608263423,https://www.reddit.com/u/extrabagel,reddit,,2026-03-29T12:23:27.088Z
TheFriendlySpy,489157366728,https://www.reddit.com/u/FreddyDCougar,reddit,,2026-03-29T12:23:27.088Z
TheRealGrayson,168449245651,https://www.reddit.com/u/_horus3,reddit,,2026-03-29T12:23:27.088Z
TheResearch,725212805232,https://www.reddit.com/u/theresearch001,reddit,,2026-03-29T12:23:27.088Z
Thim3,133284941818,https://www.reddit.com/u/sw4ffles,reddit,,2026-03-29T12:23:27.088Z
Tobiasbg1105,216034087613,https://www.reddit.com/u/PopNo5188,reddit,,2026-03-29T12:23:27.088Z
Tolkienfan57,415148300510,https://www.reddit.com/u/Tolkienfan57,reddit,,2026-03-29T12:23:27.088Z
TommyAce1,756546116778,https://www.reddit.com/u/Temporary-Fun-5245,reddit,,2026-03-29T12:23:27.088Z
TrainerNolando,575851148142,https://www.reddit.com/u/RedditorNolin,reddit,,2026-03-29T12:23:27.088Z
TRDO37,992320707731,https://www.reddit.com/u/Ok_Kangaroo4978,reddit,,2026-03-29T12:23:27.088Z
TreesWillBTrees,742944844493,https://www.reddit.com/u/Available_Coat9374,reddit,,2026-03-29T12:23:27.088Z
TrnF3lix,166339929378,https://www.reddit.com/u/PossibleSyrup6543,reddit,,2026-03-29T12:23:27.088Z
TrueToTheCause,186304484039,https://www.reddit.com/u/TrueToTheCause,reddit,,2026-03-29T12:23:27.088Z
Tsukarma,878105317674,https://www.reddit.com/u/Tsukarma,reddit,,2026-03-29T12:23:27.088Z
Tumppi0000,863375571459,https://www.reddit.com/u/PikkuKili,reddit,,2026-03-29T12:23:27.088Z
turtwigonometry,349403625468,https://www.reddit.com/u/toothbrushhh,reddit,,2026-03-29T12:23:27.088Z
Twadds,467982062800,https://www.reddit.com/u/twadds,reddit,,2026-03-29T12:23:27.088Z
varjoketu,357292039298,https://www.reddit.com/u/peanut-police,reddit,,2026-03-29T12:23:27.088Z
Venomgg36477,674958699996,https://www.reddit.com/u/Strange-Pop4370,reddit,,2026-03-29T12:23:27.088Z
Veroyankee,715492899065,https://www.reddit.com/u/veroyankee,reddit,,2026-03-29T12:23:27.088Z
vin313h,596467724822,https://www.reddit.com/u/devinh313,reddit,,2026-03-29T12:23:27.088Z
Vincent9810,647848787640,https://www.reddit.com/u/Malexkavi,reddit,,2026-03-29T12:23:27.088Z
Vizciouz,985089743964,https://www.reddit.com/u/Anxious_Tip_3605,reddit,,2026-03-29T12:23:27.088Z
Waydr0,416356317610,https://www.reddit.com/u/Low-Butterscotch-553,reddit,,2026-03-29T12:23:27.088Z
WeeRydo1407,486919884009,https://www.reddit.com/u/ratbhoyrydo,reddit,,2026-03-29T12:23:27.088Z
WittyMoth,556240069093,https://www.reddit.com/u/Ecstatic_Score_7373,reddit,,2026-03-29T12:23:27.088Z
XanderAR71,983419102891,https://www.reddit.com/u/Appropriate_Crow_554,reddit,,2026-03-29T12:23:27.088Z
xBanxedx,726450880825,https://www.reddit.com/u/Name19389,reddit,,2026-03-29T12:23:27.088Z
xBULLSAGEx,355310488704,https://www.reddit.com/u/allerbd,reddit,,2026-03-29T12:23:27.088Z
xMaxxx1001,842579769029,https://www.reddit.com/u/Maxxx1001,reddit,,2026-03-29T12:23:27.088Z
xSoosun,931981945935,https://www.reddit.com/u/x_endlessly,reddit,,2026-03-29T12:23:27.088Z
yanskerdoo,973264987710,https://www.reddit.com/u/BeneficialOlive35,reddit,,2026-03-29T12:23:27.088Z
yeahkiz,506638372332,https://www.reddit.com/u/Icy_Wash,reddit,,2026-03-29T12:23:27.088Z
yoggu2,537576716871,https://www.reddit.com/u/layogurt,reddit,,2026-03-29T12:23:27.088Z
YourBasicPunk,442569590549,https://www.reddit.com/u/Agreeable_Screen1754,reddit,,2026-03-29T12:23:27.088Z
Zagreus1023,701843164212,https://www.reddit.com/u/Middle-Ad6330,reddit,,2026-03-29T12:23:27.088Z
Zeaserr,092709267071,https://www.reddit.com/u/taydezz,reddit,,2026-03-29T12:23:27.088Z
Zincuable,166853827816,https://www.reddit.com/u/Zincuable,reddit,,2026-03-29T12:23:27.088Z
Zrx234,282985361749,https://www.reddit.com/u/Certain-Ad-8469,reddit,,2026-03-29T12:23:27.088Z
5qt05hi_copy,688608198764,Https://reddit.com/u/Winter_leg_4243,reddit,,2026-03-30T16:33:23.526Z